,time (JST),latitude [deg],longitude [deg],GPS quality,SOG [knot],COG [deg],psi (raw) [deg],psi (original) [deg],r [deg/m],t (original) [s],p_x (original) [m],p_y (original) [m],COG [rad],psi (original) [rad],r [deg/s],r [rad/s],U [m/s],beta [rad],beta [deg],u [m/s],vm [m/s],code,t [s],p_x [m],p_y [m],psi [rad],psi [deg]
1501,18:12:12,35.04529053,136.87218996,4,8.37,240.02,148.576,238.576,29.2,1500.0,2968.974165600539,2895.450470945615,4.18913927063679,4.163936716237991,0.4866666666666666,0.008493935693039,4.305899999999999,-0.025202554398799,-1.4440000000000526,4.304532585824037,0.1085081912991826,104.0,0.0,0.0,0.0,0.0,0.0
1502,18:12:13,35.04527192,136.87214852,4,8.37,240.58,149.073,239.073,29.3,1501.0,2966.90622239998,2891.6802310483845,4.198913114447958,4.172611002620403,0.4883333333333333,0.0085230245139056,4.305899999999999,-0.0263021118275545,-1.507000000000003,4.30441067271345,0.1132412055328742,104.0,1.0,4.295425762861405,0.20103601456979958,0.008674286382412078,0.4970000000000149
1503,18:12:14,35.04525363,136.87210693,4,8.37,241.1,149.56,239.56,29.0,1502.0,2964.873837599996,2887.8963363401767,4.207988826558329,4.181110756077616,0.4833333333333333,0.0084357580513059,4.305899999999999,-0.0268780704807127,-1.540000000000006,4.304344736517287,0.1157203491868421,104.0,2.0,8.583964638548043,0.43953433685452703,0.017174039839624733,0.9840000000000304
1504,18:12:15,35.04523555,136.87206512,4,8.37,241.58,150.053,240.053,29.1,1503.0,2962.8647880003628,2884.092419567791,4.216366406967902,4.189715229289948,0.485,0.0084648468721724,4.305899999999999,-0.0266511776779543,-1.5270000000000523,4.304370881836851,0.1147437213752529,104.0,3.0,12.877422785746086,0.7083841895315883,0.02577851305195722,1.4770000000000556
1505,18:12:16,35.04521786,136.87202315,4,8.37,242.09,150.543,240.543,28.8,1504.0,2960.899075200367,2880.273936891756,4.225267586153072,4.19826734262472,0.48,0.0083775804095727,4.305899999999999,-0.0270002435283522,-1.5470000000000006,4.304330566485717,0.1162462232364497,104.0,4.0,17.160716109218246,1.021808924267365,0.0343306263867289,1.9670000000000252
1506,18:12:17,35.04520047,136.871981,4,8.36,242.6,151.023,241.023,28.5,1505.0,2958.9666983999714,2876.4390701495427,4.234168765338244,4.206644923034293,0.475,0.008290313946973,4.300755555555555,-0.0275238423039505,-1.5769999999999984,4.29912661413011,0.1183583724125782,104.0,5.0,21.440610194428864,1.372222463703073,0.04270820679630205,2.4470000000000462
1507,18:12:18,35.04518312,136.87193884,4,8.36,242.96,151.495,241.495,28.3,1506.0,2957.038766399943,2872.603291998083,4.240451950645423,4.214882877103706,0.4716666666666667,0.0082321363052399,4.300755555555555,-0.0255690735417166,-1.4649999999999852,4.299349763493213,0.1099543532236216,104.0,6.0,25.718964641984783,1.7269040744844553,0.05094616086571513,2.9190000000000373
1508,18:12:19,35.04516613,136.87189651,4,8.36,243.35,151.966,241.966,28.4,1507.0,2955.150837600067,2868.752038626345,4.2472587347282005,4.2231033778806,0.4733333333333333,0.0082612251261064,4.300755555555555,-0.0241553568476007,-1.3839999999999546,4.299500911417656,0.103876182836639,104.0,7.0,29.989668244396647,2.123789986393291,0.05916666164260853,3.3900000000000436
1509,18:12:20,35.04514943,136.87185405,4,8.36,243.8,152.423,242.423,28.2,1508.0,2953.2951336004894,2864.8889508421607,4.255112716362175,4.231079532562213,0.47,0.0082030474843733,4.300755555555555,-0.0240331837999621,-1.377000000000011,4.299513570199738,0.1033508989330318,104.0,8.0,34.25366958401395,2.55434444067717,0.06714281632422203,3.84700000000001
1510,18:12:21,35.04513291,136.87181132,4,8.36,244.19,152.872,242.872,27.8,1509.0,2951.4594312001973,2861.0012921620983,4.261919500444954,4.2389160609036685,0.4633333333333333,0.008086692200907,4.300755555555555,-0.0230034395412852,-1.3179999999999994,4.299617715631373,0.0989234455062057,104.0,9.0,38.52820989097797,3.0147773665668893,0.07497934466567724,4.296000000000048
1511,18:12:22,35.04511659,136.87176865,4,8.36,244.53,153.318,243.318,27.6,1510.0,2949.645952800164,2857.1190885212964,4.267853619901734,4.246700229367563,0.46,0.0080285145591739,4.300755555555555,-0.0211533905341712,-1.2119999999999955,4.2997933706405735,0.0909687772663862,104.0,10.0,42.786508372723944,3.491330675654112,0.08276351312957164,4.742000000000031
1512,18:12:23,35.04510055,136.87172569,4,8.35,244.94,153.759,243.759,27.3,1511.0,2947.8635880003376,2853.210492480257,4.27500946983491,4.254397131368857,0.455,0.0079412480965742,4.295611111111111,-0.0206123384660532,-1.181000000000013,4.294698608501276,0.088536320447753,104.0,11.0,47.0511067387284,4.008194360160481,0.09046041513086589,5.182999999999988
1513,18:12:24,35.04508475,136.87168255,4,8.36,245.39,154.211,244.211,27.0,1512.0,2946.107892000349,2849.285513513039,4.282863451468885,4.262286019587872,0.45,0.0078539816339744,4.300755555555555,-0.020577431881013,-1.1789999999999927,4.299845051710408,0.088492259116233,104.0,12.0,51.31578095241539,4.556356916884479,0.09834930334988101,5.635000000000031
1514,18:12:25,35.04506932,136.8716395,4,8.35,245.8,154.658,244.658,26.8,1513.0,2944.393310400604,2845.3687163289587,4.2900193014020624,4.270087641344286,0.4466666666666666,0.0077958039922413,4.295611111111111,-0.0199316600577761,-1.1420000000000512,4.294757878341811,0.0856129915501676,104.0,13.0,55.55203768831463,5.135338014114726,0.10615092510629509,6.081999999999998
1515,18:12:26,35.04505405,136.87159618,4,8.35,246.19,155.093,245.093,26.6,1514.0,2942.696507999961,2841.427348660615,4.29682608548484,4.277679823590462,0.4433333333333333,0.0077376263505081,4.295611111111111,-0.0191462618943782,-1.0970000000000284,4.2948237940100045,0.0822398705418645,104.0,14.0,59.799991726701414,5.742300922082535,0.1137431073524704,6.516999999999997
1516,18:12:27,35.04503915,136.87155275,4,8.35,246.64,155.539,245.539,26.6,1515.0,2941.0408200003512,2837.4759650656647,4.304680067118814,4.285463992054357,0.4433333333333333,0.0077376263505081,4.295611111111111,-0.0192160750644569,-1.1009999999999671,4.294818042117715,0.0825397056051967,104.0,15.0,64.0350569837187,6.389570058761834,0.12152727581636569,6.96300000000003
1517,18:12:28,35.04502451,136.87150913,4,8.35,247.14,155.978,245.978,26.4,1516.0,2939.4140231999736,2833.507288370798,4.313406713378786,4.293125987470612,0.44,0.007679448708775,4.295611111111111,-0.020280725908174,-1.161999999999999,4.294727732119108,0.087112139614938,104.0,16.0,68.26981608326051,7.07050904791166,0.12918927123262058,7.402000000000018
1518,18:12:29,35.04501007,136.87146545,4,8.35,247.53,156.399,246.399,25.9,1517.0,2937.809450399856,2829.533148174044,4.320213497461564,4.300473823621508,0.4316666666666666,0.0075340046044421,4.295611111111111,-0.0197396738400561,-1.1310000000000162,4.294774235706534,0.0847884556563547,104.0,17.0,72.4976505034057,7.773260988619697,0.13653710738351688,7.823000000000027
1519,18:12:30,35.0449957,136.87142168,4,8.36,247.82,156.812,246.812,25.4,1518.0,2936.212656000382,2825.550817072523,4.325274952292348,4.307682033432245,0.4233333333333333,0.0073885605001093,4.300755555555555,-0.0175929188601022,-1.007999999999968,4.300090007588572,0.0756589405086285,104.0,18.0,76.72841908630197,8.486920959692199,0.14374531719425399,8.236000000000057
1520,18:12:31,35.04498156,136.87137778,4,8.36,248.11,157.21,247.21,24.9,1519.0,2934.641419199864,2821.5566527539454,4.330336407123132,4.314628443855182,0.415,0.0072431163957764,4.300755555555555,-0.0157079632679497,-0.9000000000000458,4.300224982015681,0.0675533321916901,104.0,19.0,80.95596044590575,9.228559510430038,0.15069172761719063,8.634000000000013
1521,18:12:32,35.04496755,136.87133383,4,8.36,248.39,157.595,247.595,24.4,1520.0,2933.084628000542,2817.557936063028,4.3352233290287145,4.32134796147536,0.4066666666666666,0.0070976722914436,4.300755555555555,-0.0138753675533545,-0.794999999999976,4.300341558942535,0.0596726492931192,104.0,20.0,85.17985503119708,9.984898419155627,0.15741124523736882,9.019000000000014
1522,18:12:33,35.04495366,136.87128972,4,8.36,248.68,157.965,247.965,23.9,1521.0,2931.5411711999545,2813.5446584058227,4.340284783859499,4.32780567970774,0.3983333333333333,0.0069522281871107,4.300755555555555,-0.0124791041517591,-0.714999999999981,4.300420685783788,0.0536681835435505,104.0,21.0,89.40922284492369,10.760207612521665,0.16386896346974922,9.389000000000093
1523,18:12:34,35.04494008,136.87124553,4,8.37,248.98,158.332,248.332,23.4,1522.0,2930.032161600637,2809.5240956328107,4.345520771615481,4.334211038062558,0.3899999999999999,0.0068067840827778,4.305899999999999,-0.011309733552923,-0.6479999999999903,4.305624618943605,0.0486975435389806,104.0,22.0,93.6268476464655,11.568709941510853,0.17027432182456703,9.756000000000014
1524,18:12:35,35.04492676,136.87120117,4,8.37,249.36,158.69,248.69,22.9,1523.0,2928.552043200553,2805.4880596233065,4.35215302277306,4.340459316784698,0.3816666666666666,0.006661339978445,4.305899999999999,-0.0116937059883621,-0.6700000000000093,4.305605603030156,0.0503507810795216,104.0,23.0,97.8426133419579,12.409933306017855,0.17652260054670688,10.114000000000022
1525,18:12:36,35.04491367,136.87115665,4,8.38,249.77,159.032,249.032,22.3,1524.0,2927.097482400214,2801.437460798189,4.3593088727062375,4.346428342826519,0.3716666666666667,0.0064868070532455,4.311044444444445,-0.0128805298797187,-0.7380000000000355,4.31068683090015,0.0555270013536567,104.0,24.0,102.05748106885824,13.280558373804752,0.18249162658852747,10.45600000000002
1526,18:12:37,35.04490083,136.871112,4,8.38,250.14,159.373,249.373,21.9,1525.0,2925.670701600596,2797.375028494728,4.365766590938616,4.35237991557582,0.365,0.0063704517697793,4.311044444444445,-0.0133866753627964,-0.7669999999999981,4.310658173997557,0.0577088288163774,104.0,25.0,106.26796310822144,14.18105860509862,0.18844319933782838,10.797000000000036
1527,18:12:38,35.04488819,136.8710672,4,8.39,250.52,159.702,249.702,21.4,1526.0,2924.2661448004465,2793.2989438035816,4.372398842096195,4.358122048814881,0.3566666666666666,0.0062250076654464,4.316188888888889,-0.0142767932813141,-0.8180000000000305,4.315749018818732,0.061619243204195,104.0,26.0,110.4785083108473,15.107641203085151,0.19418533257688964,11.126000000000031
1528,18:12:39,35.0448757,136.87102223,4,8.4,250.84,160.027,250.027,20.9,1527.0,2922.8782560000973,2789.2073878121014,4.3779838957025765,4.363794368883863,0.3483333333333333,0.0060795635611135,4.3213333333333335,-0.0141895268187139,-0.8130000000000054,4.320898306233993,0.0613156176025621,104.0,27.0,114.6935655295297,16.056513374025577,0.19985765264587219,11.451000000000088
1529,18:12:40,35.04486335,136.87097725,4,8.4,251.12,160.341,250.341,20.4,1528.0,2921.505924000247,2785.1149189256853,4.38287081760816,4.369274702735125,0.3399999999999999,0.0059341194567807,4.3213333333333335,-0.0135961148730352,-0.7789999999999668,4.320933930876146,0.0587515342862932,104.0,28.0,118.90129094683145,17.019136621558033,0.20533798649713386,11.765000000000057
1530,18:12:41,35.0448512,136.87093214,4,8.41,251.42,160.648,250.648,19.8,1529.0,2920.155815999865,2781.010617458563,4.388106805364143,4.374632863538747,0.33,0.0057595865315812,4.326477777777778,-0.0134739418253957,-0.7719999999999724,4.326085053954451,0.0582929460299881,104.0,29.0,123.10752662698836,18.00689344825802,0.21069614730075603,12.072000000000033
1531,18:12:42,35.04483911,136.87088693,4,8.41,251.66,160.95,250.95,19.3,1530.0,2918.812375200036,2776.897215473668,4.39229559556893,4.37990375787977,0.3216666666666666,0.0056141424272484,4.326477777777778,-0.0123918376891598,-0.7100000000000067,4.326145600167134,0.0536116382839443,104.0,30.0,127.31805201541223,19.005084324504317,0.21596704164177893,12.374000000000034
1532,18:12:43,35.0448271,136.8708417,4,8.42,251.83,161.244,251.244,18.8,1531.0,2917.477824000152,2772.781991745005,4.39526265529732,4.385035025880633,0.3133333333333333,0.0054686983229155,4.331622222222222,-0.0102276294166872,-0.5860000000000246,4.3313956708177495,0.0443014544980133,104.0,31.0,131.5254972118409,20.011810782441692,0.22109830964264177,12.668000000000006
1533,18:12:44,35.04481529,136.87079643,4,8.43,252.06,161.538,251.538,18.4,1532.0,2916.1654968005287,2768.663124464212,4.399276912576907,4.390166293881497,0.3066666666666666,0.0053523430394492,4.336766666666667,-0.0091106186954101,-0.5219999999999879,4.336586684780945,0.0395100808873418,104.0,32.0,135.72446470662834,21.039401329973437,0.2262295776435055,12.962000000000028
1534,18:12:45,35.04480359,136.87075098,4,8.44,252.3,161.834,251.834,18.1,1533.0,2914.8653928003364,2764.5278767238765,4.403465702781694,4.3953324684674,0.3016666666666667,0.0052650765768495,4.341911111111111,-0.0081332343142941,-0.466000000000032,4.341767504277326,0.0353133911083026,104.0,33.0,139.93103740532771,22.08596256364504,0.23139575222940856,13.25800000000002
1535,18:12:46,35.04479207,136.87070539,4,8.44,252.52,162.136,252.136,17.9,1534.0,2913.585290400221,2760.379886906171,4.407305427136081,4.400603362808423,0.2983333333333333,0.0052068989351164,4.341911111111111,-0.0067020643276585,-0.3840000000000168,4.341813597219027,0.0290995497231899,104.0,34.0,144.13805515589956,23.15623511255128,0.23666664657043146,13.560000000000022
1536,18:12:47,35.04478073,136.87065972,4,8.45,252.8,162.438,252.438,18.0,1535.0,2912.32518960018,2756.224614351273,4.412192349041665,4.405874257149446,0.3,0.0052359877559829,4.347055555555555,-0.0063180918922194,-0.3619999999999978,4.346968792342541,0.0274649137343556,104.0,35.0,148.3408593260397,24.24737265622155,0.24193754091145436,13.862000000000023
1537,18:12:48,35.04476969,136.87061399,4,8.45,253.15,162.732,252.732,17.7,1536.0,2911.09842480053,2752.0638768355457,4.418301001423646,4.411005525150309,0.295,0.0051487212933832,4.347055555555555,-0.0072954762733363,-0.4180000000000045,4.346939872282597,0.0317135593424071,104.0,36.0,152.53094663023245,25.369806142750967,0.24706880891231808,14.156000000000045
1538,18:12:49,35.04475885,136.87056808,4,8.46,253.48,163.017,253.017,17.5,1537.0,2909.8938840003507,2747.886757382357,4.424060587955227,4.415979713518492,0.2916666666666667,0.0050905436516501,4.352200000000001,-0.0080808744367342,-0.4630000000000271,4.352057900286319,0.0351691989594069,104.0,37.0,156.72342631117286,26.519745093481816,0.25204299728050117,14.441000000000003
1539,18:12:50,35.04474817,136.87052207,4,8.47,253.78,163.311,253.311,17.5,1538.0,2908.707122400061,2743.700535796643,4.429296575711209,4.421110981519356,0.2916666666666667,0.0050905436516501,4.357344444444444,-0.0081855941918531,-0.4689999999999861,4.357198465609946,0.0356670550676252,104.0,38.0,160.9144036472017,27.689601165615876,0.2571742652813649,14.735000000000024
1540,18:12:51,35.04473769,136.87047587,4,8.48,254.09,163.61,253.61,17.6,1539.0,2907.542584800033,2739.4970224105514,4.434707096392392,4.426329515982819,0.2933333333333333,0.0051196324725167,4.3624888888888895,-0.0083775804095731,-0.480000000000021,4.3623358016436695,0.0365466739513004,104.0,39.0,165.1085497751467,28.88743707523598,0.2623927997448279,15.034000000000022
1541,18:12:52,35.04472741,136.8704296,4,8.49,254.41,163.901,253.901,17.4,1540.0,2906.4002712002643,2735.287135910482,4.440292149998774,4.431408424106123,0.29,0.0050614548307835,4.367633333333333,-0.0088837258926508,-0.5089999999999836,4.367460986376342,0.0388003469705542,104.0,40.0,169.2965474252386,30.10756017824992,0.2674717078681317,15.325000000000038
1542,18:12:53,35.04471736,136.87038326,4,8.49,254.72,164.178,254.178,17.0,1541.0,2905.2835152002413,2731.0708758130904,4.445702670679956,4.436242986134147,0.2833333333333333,0.0049450995473172,4.367633333333333,-0.009459684545809,-0.5419999999999866,4.367437914576656,0.0413158173433248,104.0,41.0,173.47665898076517,31.352815395382976,0.2723062698961556,15.602000000000016
1543,18:12:54,35.04470749,136.87033683,4,8.5,255.04,164.449,254.449,16.8,1542.0,2904.1867608002945,2726.84642318442,4.451287724286338,4.440972828407052,0.28,0.0048869219055841,4.372777777777777,-0.0103148958792864,-0.5909999999999989,4.372545154453361,0.0451039476497419,104.0,42.0,177.65333331270497,32.61940994400465,0.27703611216906054,15.873000000000035
1544,18:12:55,35.04469776,136.87029031,4,8.5,255.31,164.731,254.731,16.8,1543.0,2903.105563200056,2722.613778707572,4.456000113266723,4.445894656897676,0.28,0.0048869219055841,4.372777777777777,-0.0101054563690468,-0.5789999999999792,4.372554505101352,0.0441881629515473,104.0,43.0,181.82888721091533,33.90355057543696,0.2819579406596846,16.155000000000037
1545,18:12:56,35.04468808,136.87024373,4,8.51,255.53,165.003,255.003,16.5,1544.0,2902.0299216002763,2718.375673553967,4.45983983762111,4.4506419524631,0.275,0.0047996554429844,4.377922222222223,-0.0091978851580103,-0.527000000000013,4.377737035028827,0.0402670580522544,104.0,44.0,186.0062041660167,35.19527933985006,0.28670523622510835,16.426999999999992
1546,18:12:57,35.0446786,136.87019701,4,8.52,255.77,165.279,255.279,16.4,1545.0,2900.976503999968,2714.124826121434,4.464028627825897,4.455459061198605,0.2733333333333333,0.0047705666221178,4.383066666666666,-0.0085695666272922,-0.4910000000000051,4.382905726983389,0.0375605221029587,104.0,45.0,190.1828076590133,36.512615970175894,0.29152234496061347,16.703000000000035
1547,18:12:58,35.04466927,136.87015015,4,8.53,255.99,165.552,255.552,16.4,1546.0,2899.9397544002472,2709.861237249189,4.467868352180284,4.460223810056549,0.2733333333333333,0.0047705666221178,4.388211111111111,-0.0076445421237352,-0.4380000000000033,4.388082890347699,0.0335455379564196,104.0,46.0,194.36159368891572,37.85081891455562,0.2962870938185578,16.976000000000024
1548,18:12:59,35.04466002,136.87010327,4,8.54,256.2,165.811,255.811,16.4,1547.0,2898.911894400474,2705.595826787297,4.471533543609472,4.464744212819214,0.2733333333333333,0.0047705666221178,4.393355555555555,-0.0067893307902577,-0.388999999999991,4.393254300054704,0.0298277149931681,104.0,47.0,198.53729939530496,39.19755736027505,0.3008074965812231,17.23500000000002
1549,18:13:00,35.04465086,136.8700563,4,8.55,256.41,166.06,256.06,16.1,1548.0,2897.894035199949,2701.3222253440326,4.475198735038661,4.46909008265668,0.2683333333333333,0.0046833001595181,4.3985,-0.0061086523819806,-0.3500000000000291,4.3984179338472895,0.026868740397401,104.0,48.0,202.7147806442539,40.55710032121638,0.30515336641868895,17.484000000000023
1550,18:13:01,35.04464193,136.87000923,4,8.56,256.64,166.298,256.298,15.7,1549.0,2896.9017335999592,2697.039520728079,4.479212992318248,4.473243966276427,0.2616666666666666,0.0045669448760518,4.403644444444445,-0.0059690260418205,-0.3419999999999991,4.403565995354764,0.0262853122794023,104.0,49.0,206.8867050335498,41.943198507800204,0.30930725003843573,17.722000000000037
1551,18:13:02,35.0446332,136.86996208,4,8.56,256.92,166.546,256.546,15.7,1550.0,2895.9316560002294,2692.7495332271706,4.484099914223831,4.477572382821372,0.2616666666666666,0.0045669448760518,4.403644444444445,-0.006527531402459,-0.3740000000000174,4.403550628069441,0.0287447232663077,104.0,50.0,211.05325728211844,43.352058212453436,0.31363566658338105,17.970000000000002
1552,18:13:03,35.04462471,136.86991482,4,8.57,257.23,166.8,256.8,15.7,1551.0,2894.9882472003374,2688.449532527815,4.489510434905014,4.482005519121438,0.2616666666666666,0.0045669448760518,4.408788888888889,-0.007504915783576,-0.4300000000000241,4.408664729685992,0.0330872787166399,104.0,51.0,215.21444988279234,44.78889582271768,0.3180688028834471,18.224000000000025
1553,18:13:04,35.04461651,136.86986754,4,8.58,257.55,167.049,257.049,15.5,1552.0,2894.077063199953,2684.147706840505,4.495095488511396,4.486351388958904,0.2583333333333333,0.0045087672343186,4.4139333333333335,-0.0087440995524916,-0.5010000000000044,4.413764591332834,0.0385953806511908,104.0,52.0,219.3603988540347,46.25418338985534,0.32241467272091295,18.473000000000027
1554,18:13:05,35.0446084,136.86982008,4,8.59,257.83,167.29,257.29,15.3,1553.0,2893.175880000397,2679.829501222024,4.49998241041698,4.490557632456211,0.255,0.0044505895925855,4.419077777777778,-0.0094247779607687,-0.5399999999999664,4.418881513757891,0.0416482102634944,104.0,53.0,223.51511126387308,47.73654492274065,0.32662091621821965,18.71400000000005
1555,18:13:06,35.04460037,136.86977247,4,8.6,258.08,167.52,257.52,15.1,1554.0,2892.2835863999967,2675.497645507397,4.504345733546965,4.494571889735798,0.2516666666666666,0.0043924119508523,4.424222222222222,-0.0097738438111676,-0.5599999999999652,4.424010905303696,0.0432409685241859,104.0,54.0,227.67683699942512,49.23360895066568,0.33063517349780636,18.94400000000003
1556,18:13:07,35.04459263,136.86972475,4,8.61,258.36,167.752,257.752,14.9,1555.0,2891.4235175998942,2671.1557758384256,4.50923265545255,4.4986210536004245,0.2483333333333333,0.0043342343091192,4.429366666666667,-0.0106116018521253,-0.6079999999999928,4.429117282167543,0.0470017933974271,104.0,55.0,231.8303070161518,50.7633923939661,0.3346843373624333,19.176000000000037
1557,18:13:08,35.04458502,136.86967698,4,8.62,258.65,167.986,257.986,15.0,1556.0,2890.5778944001977,2666.809354184809,4.514294110283333,4.502705124050091,0.25,0.0043633231299858,4.43451111111111,-0.0115889862332423,-0.6639999999999994,4.434213326819218,0.0513903378733238,104.0,56.0,235.9801299281461,52.30787599244833,0.3387684078120996,19.410000000000014
1558,18:13:09,35.04457759,136.86962913,4,8.62,258.92,168.232,258.232,15.1,1557.0,2889.7522728005765,2662.455650069749,4.5190064992637184,4.506998634009998,0.2516666666666666,0.0043924119508523,4.43451111111111,-0.0120078652537207,-0.6879999999999877,4.43419141147274,0.053247732245473,104.0,57.0,240.125739024402,53.873224441928556,0.34306191777200645,19.65600000000006
1559,18:13:10,35.04457029,136.86958126,4,8.63,259.16,168.48,258.48,14.9,1558.0,2888.941096800572,2658.100123666422,4.523195289468505,4.511327050554943,0.2483333333333333,0.0043342343091192,4.439655555555556,-0.0118682389135615,-0.6800000000000086,4.439342885173362,0.0526896558725142,104.0,58.0,244.26537167775066,55.45184987197605,0.34739033431695177,19.904000000000025
1560,18:13:11,35.04456315,136.8695333,4,8.64,259.36,168.728,258.728,14.7,1559.0,2888.14770000046,2653.7364052587823,4.526685947972493,4.515655467099889,0.245,0.0042760566673861,4.4448,-0.0110304808726038,-0.6319999999999811,4.444529599981678,0.0490272871644405,104.0,59.0,248.40272534421953,57.0499179125041,0.35171875086189797,20.15200000000004
1561,18:13:12,35.04455612,136.8694852,4,8.65,259.6,168.976,258.976,14.8,1560.0,2887.366526400568,2649.3599462210905,4.53087473817728,4.5199838836448345,0.2466666666666666,0.0043051454882526,4.449944444444445,-0.0108908545324455,-0.6240000000000527,4.4496805415124845,0.0484627395753065,104.0,60.0,252.5445782294546,58.66505895242376,0.3560471674068433,20.400000000000002
1562,18:13:13,35.04454937,136.86943699,4,8.65,259.86,169.217,259.217,14.6,1561.0,2886.616466400093,2644.973473477034,4.535412594232465,4.524190127142141,0.2433333333333333,0.0042469678465195,4.449944444444445,-0.0112224670903238,-0.643000000000016,4.449664226000987,0.0499383068297264,104.0,61.0,256.6787545278588,60.31197105462451,0.36025341090415,20.641000000000023
1563,18:13:14,35.04454271,136.86938895,4,8.65,260.08,169.471,259.471,14.7,1562.0,2885.876407200445,2640.602467060369,4.539252318586852,4.528623263442207,0.245,0.0042760566673861,4.449944444444445,-0.010629055144645,-0.6089999999999773,4.449693076539744,0.0472978142861461,104.0,62.0,260.7945188179854,61.95935353044217,0.364686547204216,20.89500000000005
1564,18:13:15,35.04453608,136.86934061,4,8.67,260.28,169.715,259.715,14.6,1563.0,2885.139681600284,2636.2041630822,4.542742977090841,4.532881866817073,0.2433333333333333,0.0042469678465195,4.460233333333333,-0.0098611102737677,-0.5649999999999903,4.460016475210097,0.043982139923802,104.0,63.0,264.9318389748674,63.62381272602683,0.3689451505790817,21.139000000000024
1565,18:13:16,35.04452971,136.86929216,4,8.68,260.53,169.96,259.96,14.6,1564.0,2884.431847200144,2631.7958457641007,4.547106300220826,4.537157923484458,0.2433333333333333,0.0042469678465195,4.4653777777777774,-0.0099483767363679,-0.5700000000000154,4.465156809935047,0.044422527644006,104.0,64.0,269.0626409182022,65.31814634725279,0.3732212072464671,21.383999999999983
1566,18:13:17,35.04452368,136.8692437,4,8.69,260.83,170.196,260.196,14.5,1565.0,2883.761793599973,2627.386612748689,4.55234228797681,4.541276900519166,0.2416666666666666,0.0042178790256529,4.470522222222222,-0.011065387457644,-0.6340000000000012,4.470248533386587,0.0494670510317736,104.0,65.0,273.17452658890255,67.04519696677389,0.37734018428117455,21.62000000000003
1567,18:13:18,35.04451766,136.86919513,4,8.7,261.08,170.426,260.426,14.4,1566.0,2883.092851199894,2622.9673704490774,4.556705611106795,4.5452911577987525,0.24,0.0041887902047863,4.475666666666666,-0.0114144533080429,-0.6539999999999999,4.475375103099498,0.0510861788379715,88.0,66.0,277.2943741637435,68.77841432111136,0.38135444156076126,21.850000000000016
1568,18:13:19,35.04451172,136.86914643,4,8.71,261.32,170.655,260.655,14.2,1567.0,2882.432798400549,2618.53629795851,4.5608944013115815,4.54928796178582,0.2366666666666666,0.0041306125630532,4.480811111111112,-0.011606439525762,-0.664999999999984,4.4805093107247576,0.0520050955729196,88.0,67.0,281.41968207926163,70.52538533310563,0.3853512455478292,22.079000000000068
1569,18:13:20,35.04450607,136.86909767,4,8.72,261.58,170.875,260.875,13.8,1568.0,2881.804970399924,2614.0997611650814,4.565432257366767,4.553127686140207,0.23,0.0040142572795869,4.485955555555556,-0.0123045712265605,-0.7050000000000325,4.485615967457533,0.0551963668168426,88.0,68.0,285.53285191138315,72.30270372043572,0.3891909699022156,22.299000000000003
1570,18:13:21,35.04450047,136.86904887,4,8.73,261.72,171.08,261.08,13.2,1569.0,2881.182698400548,2609.6595837039977,4.56787571831956,4.556705611106795,0.22,0.0038397243543875,4.4911,-0.0111701072127647,-0.640000000000062,4.49081982273138,0.0501650252955328,88.0,69.0,289.6462317270989,74.08666134851609,0.3927688948688042,22.504000000000016
1571,18:13:22,35.04449475,136.86900003,4,8.74,261.79,171.274,261.274,12.5,1570.0,2880.547092000068,2605.2157682861643,4.569097448795955,4.560091549855665,0.2083333333333333,0.0036361026083215,4.496244444444445,-0.0090058989402903,-0.515999999999978,4.496062108990901,0.0404921757111395,88.0,70.0,293.76966804778755,75.86113701003691,0.3961548336176737,22.698000000000043
1572,18:13:23,35.04448916,136.86895112,4,8.75,261.89,171.458,261.458,11.8,1571.0,2879.9259311999936,2600.76558125427,4.5708427780479495,4.563302955679335,0.1966666666666666,0.0034324808622555,4.501388888888889,-0.0075398223686145,-0.4319999999999426,4.501260939943582,0.0339393510628945,88.0,71.0,297.89101001263055,77.65126152168835,0.39936623944134375,22.882000000000073
1573,18:13:24,35.04448359,136.86890207,4,8.76,261.99,171.644,261.644,11.4,1572.0,2879.306992800103,2596.3026551275834,4.572588107299945,4.566549268088044,0.19,0.0033161255787892,4.5065333333333335,-0.006038839211901,-0.3460000000000395,4.506451162402812,0.0272140647971924,88.0,72.0,302.0220639744709,79.44992422477705,0.4026125518500532,23.068000000000072
1574,18:13:25,35.0444782,136.86885294,4,8.77,262.15,171.827,261.827,11.0,1573.0,2878.7080560002896,2591.832446715837,4.5753806341031344,4.569743220619193,0.1833333333333333,0.0031997702953229,4.511677777777778,-0.0056374134839414,-0.322999999999985,4.511606086435964,0.0254340584215882,88.0,73.0,306.1489039700589,81.26945168690467,0.4058065043812018,23.251000000000015
1575,18:13:26,35.04447287,136.86880368,4,8.79,262.33,171.998,261.998,10.5,1574.0,2878.115786400237,2587.350408475113,4.578522226756724,4.572727733640104,0.175,0.00305432619099,4.521966666666666,-0.0057944931166202,-0.3319999999999488,4.521890751762448,0.0262023580939589,88.0,74.0,310.282362684232,83.10083617102654,0.40879101740211254,23.42200000000004
1576,18:13:27,35.04446778,136.86875434,4,8.8,262.54,172.159,262.159,10.0,1575.0,2877.5501856000224,2582.861087021406,4.582187418185913,4.575537713735814,0.1666666666666666,0.0029088820866572,4.527111111111112,-0.0066497044500986,-0.3810000000000119,4.5270110202917975,0.0301037290431971,88.0,75.0,314.40813216523753,84.95877523609859,0.411600997497823,23.583000000000013
1577,18:13:28,35.04446288,136.86870494,4,8.81,262.74,172.299,262.299,9.2,1576.0,2877.0056975999764,2578.366302941748,4.585678076689901,4.577981174688606,0.1533333333333333,0.0026761715197246,4.532255555555556,-0.0076969020012951,-0.4410000000000082,4.532121305595735,0.0348839824189949,88.0,76.0,318.5275555625735,86.83757857291229,0.4140444584506149,23.723000000000006
1578,18:13:29,35.04445792,136.86865547,4,8.82,262.86,172.435,262.435,8.7,1577.0,2876.454542400168,2573.865150306137,4.587772471792295,4.580354822471318,0.145,0.0025307274153917,4.537400000000001,-0.0074176493209767,-0.4250000000000499,4.537275173246638,0.0336565333880731,88.0,77.0,322.6558895143131,88.71401292728198,0.4164181062333272,23.859000000000005
1579,18:13:30,35.04445323,136.86860599,4,8.83,263.0,172.572,262.572,8.5,1578.0,2875.933389600473,2569.3630832571507,4.590215932745087,4.582745923546551,0.1416666666666666,0.0024725497736586,4.542544444444444,-0.0074700091985357,-0.4280000000000039,4.542417705687515,0.0339325332042773,88.0,78.0,326.7693614997284,90.61652604928685,0.4188092073085601,23.996000000000045
1580,18:13:31,35.04444838,136.86855634,4,8.85,263.09,172.692,262.692,8.0,1579.0,2875.3944576000963,2564.845550314112,4.591786729071881,4.584840318648944,0.1333333333333333,0.0023271056693257,4.552833333333334,-0.0069464104229366,-0.3979999999999549,4.55272349071173,0.0316255945828404,88.0,79.0,330.9053005255748,92.5119310104889,0.42090360241095315,24.116000000000035
1581,18:13:32,35.04444349,136.86850665,4,8.86,263.1,172.802,262.802,7.5,1580.0,2874.851080800141,2560.324378168364,4.591961261997081,4.586760180826138,0.125,0.0021816615649929,4.5579777777777775,-0.0052010811709433,-0.298000000000012,4.557916128429176,0.0237063055163929,88.0,80.0,335.04666237366126,94.40544044047112,0.4228234645881468,24.22600000000003
1582,18:13:33,35.04443854,136.86845695,4,8.87,263.13,172.902,262.902,6.8,1581.0,2874.301036800425,2555.802296794885,4.59248486077268,4.588505510078132,0.1133333333333333,0.0019780398189269,4.563122222222222,-0.0039793506945473,-0.2280000000000163,4.563086093220495,0.0181582156609564,88.0,81.0,339.19227615404645,96.29373457377515,0.424568793840141,24.326000000000025
1583,18:13:34,35.04443358,136.86840714,4,8.88,263.12,172.989,262.989,6.1,1582.0,2873.7498816006164,2551.27020650038,4.59231032784748,4.590023946527367,0.1016666666666666,0.0017744180728609,4.568266666666667,-0.002286381320113,-0.1310000000000274,4.568254726274552,0.0104447904718637,88.0,82.0,343.3470102150497,98.18629880628143,0.4260872302893759,24.413000000000014
1584,18:13:35,35.04442858,136.86835717,4,8.9,263.07,173.073,263.073,5.6,1583.0,2873.1942816004403,2546.7235582970125,4.591437663221483,4.591490023099042,0.0933333333333333,0.001628973968528,4.578555555555555,5.235987755902727e-05,0.002999999999954,4.57855554927937,-0.0002397326081765,88.0,83.0,347.51648438533044,100.08266016128277,0.42755330686105086,24.496999999999996
1585,18:13:36,35.04442346,136.86830714,4,8.91,263.04,173.138,263.138,5.0,1584.0,2872.6253471999507,2542.1714523365904,4.590914064445885,4.592624487112839,0.0833333333333333,0.0014544410433286,4.5837,0.0017104226669539,0.0979999999999735,4.583693295089723,-0.007840060555773,88.0,84.0,351.69756795488377,101.97048833444414,0.42868777087484755,24.56200000000002
1586,18:13:37,35.04441844,136.86825714,4,8.92,263.05,173.194,263.194,4.3,1585.0,2872.06752480038,2537.622074209777,4.591088597371084,4.593601871493956,0.0716666666666666,0.0012508192972626,4.588844444444445,0.0025132741228715,0.1439999999999808,4.588829951626689,-0.0115330118546277,88.0,85.0,355.87053034348855,103.86637653617967,0.4296651552559645,24.618000000000027
1587,18:13:38,35.04441347,136.86820703,4,8.93,263.09,173.251,263.251,3.9,1586.0,2871.515258400479,2533.0626862241315,4.591786729071881,4.594596709167592,0.065,0.0011344640137963,4.593988888888889,0.0028099800957113,0.1610000000000256,4.593970751859936,-0.0129090003494621,88.0,86.0,360.049137754229,105.77222466418314,0.4306599929296011,24.67500000000002
1588,18:13:39,35.04440864,136.86815681,4,8.95,263.18,173.3,263.3,3.5,1587.0,2870.9785488002863,2528.493286988898,4.593357525398677,4.59545192050107,0.0583333333333333,0.00101810873033,4.604277777777777,0.002094395102393,0.1199999999999925,4.604267679470309,-0.0096431697778854,88.0,87.0,364.22817728556186,107.69656745107133,0.43151520426307854,24.72400000000003
1589,18:13:40,35.0444038,136.86810651,4,8.96,263.23,173.335,263.335,3.0,1588.0,2870.4407280000023,2523.916608510503,4.594230190024674,4.596062785739267,0.05,0.0008726646259971,4.609422222222222,0.0018325957145934,0.104999999999968,4.609414482066337,-0.0084472026830037,88.0,88.0,368.4140077747237,109.6237571728749,0.4321260695012761,24.759
1590,18:13:41,35.04439892,136.86805613,4,8.97,263.26,173.356,263.356,2.3,1589.0,2869.89846240014,2519.3326512494177,4.594753788800272,4.596429304882187,0.0383333333333333,0.0006690428799311,4.614566666666668,0.0016755160819146,0.0960000000000042,4.614560189306763,-0.0077317770434266,88.0,89.0,372.6083668579454,111.55094892079357,0.4324925886441955,24.780000000000037
1591,18:13:42,35.04439407,136.86800564,4,8.99,263.32,173.38,263.38,2.0,1590.0,2869.359530400553,2514.7386844413472,4.595800986351469,4.596848183902665,0.0333333333333333,0.0005817764173314,4.624855555555556,0.0010471975511965,0.0599999999999962,4.624853019694968,-0.004843136527233,88.0,90.0,376.8095293831668,113.48620398680107,0.4329114676646739,24.804000000000023
1592,18:13:43,35.04438929,136.8679551,4,9.0,263.36,173.399,263.399,1.6,1591.0,2868.8283768000306,2510.140166830055,4.596499118052266,4.597179796460544,0.0266666666666666,0.0004654211338651,4.63,0.000680678408278,0.0390000000000128,4.629998927407075,-0.0031515407869635,88.0,91.0,381.01051985507473,115.43046925256375,0.4332430802225531,24.82300000000004
1593,18:13:44,35.04438446,136.86790457,4,9.01,263.34,173.409,263.409,1.1,1592.0,2868.291667200628,2505.5425596124646,4.596150052201867,4.597354329385744,0.0183333333333333,0.0003199770295322,4.635144444444444,0.0012042771838771,0.0690000000000618,4.635141083308014,-0.0055819973491727,88.0,92.0,385.2136301736035,117.36951875466696,0.4334176131477525,24.833000000000037
1594,18:13:45,35.04437951,136.8678539,4,9.03,263.29,173.41,263.41,0.5,1593.0,2867.741623200121,2500.932215473405,4.59527738757587,4.597371782678264,0.0083333333333333,0.0001454441043328,4.645433333333333,0.0020943951023939,0.1200000000000434,4.645423144761664,-0.009729365708865,88.0,93.0,389.43456143925727,119.30383019124658,0.4334350664402731,24.834000000000074
1595,18:13:46,35.04437445,136.86780317,4,9.04,263.23,173.407,263.407,0.2,1594.0,2867.179356000184,2496.316413390775,4.594230190024674,4.597319422800704,0.0033333333333333,5.817764173314432e-05,4.6505777777777775,0.0030892327760296,0.1769999999999839,4.650555586728444,-0.0143666944474734,88.0,94.0,393.66652291973855,121.23055676703768,0.43338270656271316,24.831000000000067
1596,18:13:47,35.04436944,136.8677524,4,9.05,263.2,173.406,263.406,-0.0,1595.0,2866.6226447999147,2491.69697069055,4.593706591249076,4.597301969508184,-0.0,-0.0,4.655722222222223,0.0035953782591082,0.2059999999999973,4.655692130588064,-0.016739046394607,88.0,95.0,397.89869434192013,123.1639225561304,0.4333652532701926,24.830000000000034
1597,18:13:48,35.04436435,136.86770152,4,9.06,263.16,173.393,263.393,-0.4,1596.0,2866.057044000489,2487.067520118311,4.593008459548278,4.597075076705424,-0.0066666666666666,-0.0001163552834662,4.660866666666667,0.0040666171571457,0.2329999999999397,4.6608281274695935,-0.0189539081124198,88.0,96.0,402.14404055108713,125.09492033692315,0.43313836046743237,24.81699999999998
1598,18:13:49,35.04435918,136.86765062,4,9.08,263.07,173.371,263.371,-0.9,1597.0,2865.482553600329,2482.4362506918696,4.591437663221483,4.596691104269985,-0.015,-0.0002617993877991,4.671155555555556,0.0052534410485023,0.300999999999966,4.671091096926866,-0.0245395274628561,88.0,97.0,406.39557359316433,127.01928062343238,0.4327543880319942,24.79500000000001
1599,18:13:50,35.04435398,136.86759969,4,9.09,262.98,173.333,263.333,-1.4,1598.0,2864.904729599893,2477.8022517485524,4.589866866894688,4.596027879154228,-0.0233333333333333,-0.000407243492132,4.6763,0.0061610122595396,0.3529999999999831,4.676211248614544,-0.0288105593629302,88.0,98.0,410.6511738502302,128.94221932089684,0.4320911629162367,24.757000000000033
1600,18:13:51,35.04434873,136.86754865,4,9.1,262.94,173.299,263.299,-1.7,1599.0,2864.321349600576,2473.158244465108,4.58916873519389,4.595434467208549,-0.0283333333333333,-0.0004945099547317,4.681444444444445,0.0062657320146595,0.3589999999999929,4.681352549400511,-0.029332484400248,88.0,99.0,414.91821126416016,130.86563492351854,0.431497750970558,24.722999999999995
